,imaging_contribution,text_contribution,clinical_contribution
Mean,32.936253,35.9498,31.113941
Std,7.426015,6.8065147,10.705461
Min,11.8853655,14.0553875,13.147333
Max,57.76218,52.410652,70.91995
