{
  "dataset": "NSCLC",
  "n_samples": 573,
  "n_features": 64,
  "embedding_source": "EAGLE",
  "results": {
    "coxph": {
      "scores": [
        0.8616258957252285,
        0.8656828414207104,
        0.8784420739270652,
        0.9047849202513292,
        0.9030349794238683
      ],
      "mean": 0.8827141421496403,
      "std": 0.018182879762094595
    },
    "rsf": {
      "scores": [
        0.12181863108475414,
        0.09804902451225612,
        0.12130984867278591,
        0.09666505558240696,
        0.10751028806584362
      ],
      "mean": 0.10907056958360935,
      "std": 0.010863873494001162
    },
    "deepsurv": {
      "scores": [
        0.8865826538176427,
        0.8816908454227114,
        0.8834036219300422,
        0.9081681971967134,
        0.9027777777777778
      ],
      "mean": 0.8925246192289775,
      "std": 0.010823298863299404
    }
  },
  "timestamp": "20250606_232615"
}