{
  "dataset": "GBM",
  "n_samples": 154,
  "n_features": 64,
  "embedding_source": "EAGLE",
  "results": {
    "coxph": {
      "scores": [
        0.7438752783964365,
        0.7345132743362832,
        0.8373626373626374,
        0.7231503579952268,
        0.7652582159624414
      ],
      "mean": 0.7608319528106051,
      "std": 0.04068572652699022
    },
    "rsf": {
      "scores": [
        0.28507795100222716,
        0.2079646017699115,
        0.1912087912087912,
        0.2863961813842482,
        0.2676056338028169
      ],
      "mean": 0.247650631833599,
      "std": 0.040151927199216175
    },
    "deepsurv": {
      "scores": [
        0.7527839643652561,
        0.7699115044247787,
        0.8483516483516483,
        0.6968973747016707,
        0.8215962441314554
      ],
      "mean": 0.7779081471949619,
      "std": 0.053157977364754444
    }
  },
  "timestamp": "20250606_231423"
}