{
  "model": "Cox Proportional Hazards (MedGemma)",
  "dataset": "GBM",
  "n_samples": 154,
  "n_features_original": 2560,
  "n_features_reduced": 100,
  "n_components_pca": 100,
  "penalizer": 0.1,
  "l1_ratio": 0,
  "successful_folds": 5,
  "total_folds": 5,
  "cv_scores": [
    0.5456570155902004,
    0.5353982300884956,
    0.6483516483516484,
    0.548926014319809,
    0.528169014084507
  ],
  "mean_cindex": 0.5613003844869321,
  "std_cindex": 0.044146057298789,
  "timestamp": "20250606_223904",
  "embedding_type": "MedGemma"
}