{
  "model": "DeepSurv (MedGemma)",
  "dataset": "IPMN",
  "n_samples": 156,
  "n_features": 2560,
  "hidden_dims": [
    512,
    256,
    128
  ],
  "dropout": 0.3,
  "n_epochs": 100,
  "batch_size": 32,
  "learning_rate": 0.0001,
  "successful_folds": 5,
  "total_folds": 5,
  "cv_scores": [
    0.696551724137931,
    0.6379310344827587,
    0.7038216560509554,
    0.7627627627627628,
    0.44936708860759494
  ],
  "mean_cindex": 0.6500868532084005,
  "std_cindex": 0.10786886639918161,
  "timestamp": "20250606_223845",
  "embedding_type": "MedGemma"
}