{
  "model": "Cox Proportional Hazards (MedGemma)",
  "dataset": "NSCLC",
  "n_samples": 573,
  "n_features_original": 2560,
  "n_features_reduced": 100,
  "n_components_pca": 100,
  "penalizer": 0.1,
  "l1_ratio": 0,
  "successful_folds": 5,
  "total_folds": 5,
  "cv_scores": [
    0.6335557202866321,
    0.7878939469734867,
    0.6966013396179608,
    0.7220879652005799,
    0.6862139917695473
  ],
  "mean_cindex": 0.7052705927696413,
  "std_cindex": 0.050380106396302825,
  "timestamp": "20250606_223911",
  "embedding_type": "MedGemma"
}