,imaging_contribution,text_contribution,clinical_contribution
Mean,33.218796,34.340443,32.440758
Std,8.193133,8.164169,9.918365
Min,15.847429,13.128572,14.718868
Max,63.66641,62.4843,62.729454
