{
  "model": "Cox Proportional Hazards",
  "dataset": "GBM",
  "n_samples": 148,
  "n_features_original": 3048,
  "n_features_reduced": 100,
  "n_components_pca": 100,
  "penalizer": 0.1,
  "l1_ratio": 0,
  "successful_folds": 5,
  "total_folds": 5,
  "cv_scores": [
    0.5566037735849056,
    0.4597156398104265,
    0.5025380710659898,
    0.45524296675191817,
    0.46115288220551376
  ],
  "mean_cindex": 0.48705066668375074,
  "std_cindex": 0.038748220821355275,
  "timestamp": "20250605_190849"
}