{
  "model": "DeepSurv",
  "dataset": "IPMN",
  "n_samples": 170,
  "n_features": 3048,
  "hidden_dims": [
    512,
    256,
    128
  ],
  "dropout": 0.3,
  "n_epochs": 100,
  "batch_size": 32,
  "learning_rate": 0.0001,
  "cv_scores": [
    0.5901639344262295,
    0.6574585635359116,
    0.6067415730337079,
    0.6587926509186351,
    0.5974358974358974
  ],
  "mean_cindex": 0.6221185238700764,
  "std_cindex": 0.029868674056927166,
  "timestamp": "20250605_190834"
}