{
  "model": "DeepSurv",
  "dataset": "NSCLC",
  "n_samples": 580,
  "n_features": 3072,
  "hidden_dims": [
    512,
    256,
    128
  ],
  "dropout": 0.3,
  "n_epochs": 100,
  "batch_size": 32,
  "learning_rate": 0.0001,
  "cv_scores": [
    0.5837696335078534,
    0.584958217270195,
    0.5498953244940684,
    0.6965361445783133,
    0.6303284416491963
  ],
  "mean_cindex": 0.6090975522999253,
  "std_cindex": 0.05064656518536886,
  "timestamp": "20250605_190840"
}