{
  "model": "Random Survival Forest",
  "dataset": "NSCLC",
  "n_samples": 580,
  "n_features": 3072,
  "n_estimators": 200,
  "max_depth": null,
  "cv_scores": [
    0.47786768205616376,
    0.4732843757913396,
    0.4631309606885322,
    0.5143072289156626,
    0.48427672955974843
  ],
  "mean_cindex": 0.48257339540228933,
  "std_cindex": 0.01729956894106718,
  "timestamp": "20250605_190821"
}