Method,Modality,Mean,Std,Min,Max,Risk_Correlation
Simple,Imaging,37.52774787714215,8.418022031635392,24.113475144670442,70.62954184195192,-0.16250316387742203
Simple,Text,43.68108170914872,7.693939563635177,18.29759280920178,58.77656561179663,0.17293921166641676
Simple,Clinical,18.791170413709125,3.2099898492349954,8.514989416717965,27.29247227833425,0.011642208462241668
Gradient,Imaging,50.877627905130545,5.004714113453921,36.873567204332566,64.84030546286664,0.2246735130732273
Gradient,Text,36.449131035923905,4.604685079847469,24.28946540843938,51.623715259964385,-0.17000200407497185
Gradient,Clinical,12.673241058945559,2.6679381534235844,6.291336286112968,18.42827022424233,-0.1280468250923599
Integrated Gradients,Imaging,96.1758555908987,7.688467634825017,5.888109404376047,99.76716517070933,-0.129804840936053
Integrated Gradients,Text,3.824144409101301,7.688467634825016,0.2328348292906703,94.11189059562395,0.12980484093605296
Integrated Gradients,Clinical,0.0,0.0,0.0,0.0,
