{
  "dataset": "NSCLC",
  "n_samples": 573,
  "n_features": 64,
  "embedding_source": "EAGLE",
  "results": {
    "coxph": {
      "scores": [
        0.8616258957252285,
        0.8656828414207104,
        0.8784420739270652,
        0.9047849202513292,
        0.9030349794238683
      ],
      "mean": 0.8827141421496403,
      "std": 0.018182879762094595
    },
    "rsf": {
      "scores": [
        0.12181863108475414,
        0.09804902451225612,
        0.12130984867278591,
        0.09666505558240696,
        0.10751028806584362
      ],
      "mean": 0.10907056958360935,
      "std": 0.010863873494001162
    },
    "deepsurv": {
      "scores": [
        0.8888065233506302,
        0.8854427213606804,
        0.8863805507318283,
        0.9188013533107782,
        0.9004629629629629
      ],
      "mean": 0.895978822343376,
      "std": 0.01261390939829683
    }
  },
  "timestamp": "20250606_234532"
}