{
  "dataset": "IPMN",
  "n_samples": 170,
  "n_features": 64,
  "embedding_source": "EAGLE",
  "results": {
    "coxph": {
      "scores": [
        0.8005464480874317,
        0.8425414364640884,
        0.8146067415730337,
        0.7847769028871391,
        0.8025641025641026
      ],
      "mean": 0.8090071263151591,
      "std": 0.019267096339108256
    },
    "rsf": {
      "scores": [
        0.17486338797814208,
        0.16298342541436464,
        0.12921348314606743,
        0.22572178477690288,
        0.20256410256410257
      ],
      "mean": 0.1790692367759159,
      "std": 0.0331376149252133
    },
    "deepsurv": {
      "scores": [
        0.8387978142076503,
        0.8646408839779005,
        0.8764044943820225,
        0.7585301837270341,
        0.7923076923076923
      ],
      "mean": 0.82613621372046,
      "std": 0.044462950760486314
    }
  },
  "timestamp": "20250606_234517"
}