{
  "dataset": "GBM",
  "n_samples": 154,
  "n_features": 64,
  "embedding_source": "EAGLE",
  "results": {
    "coxph": {
      "scores": [
        0.7438752783964365,
        0.7345132743362832,
        0.8373626373626374,
        0.7231503579952268,
        0.7652582159624414
      ],
      "mean": 0.7608319528106051,
      "std": 0.04068572652699022
    },
    "rsf": {
      "scores": [
        0.28507795100222716,
        0.2079646017699115,
        0.1912087912087912,
        0.2863961813842482,
        0.2676056338028169
      ],
      "mean": 0.247650631833599,
      "std": 0.040151927199216175
    },
    "deepsurv": {
      "scores": [
        0.7260579064587973,
        0.7765486725663717,
        0.8461538461538461,
        0.7350835322195705,
        0.8051643192488263
      ],
      "mean": 0.7778016553294824,
      "std": 0.04455235329875173
    }
  },
  "timestamp": "20250606_234505"
}