Method,Modality,Mean,Std,Min,Max,Risk_Correlation
Simple,Imaging,31.514528664131948,7.316838175531464,16.842756204108817,61.3088580484904,-0.3301721092345641
Simple,Text,33.612955888003064,6.447128607748251,12.277180879318355,56.19460606689105,0.0064063419552391485
Simple,Clinical,34.87251544786497,7.82405263007177,13.815380782685693,70.88006291657283,0.30348893279757805
Gradient,Imaging,45.77334812217766,5.8011272700454,27.862813858371986,66.24688186106934,-0.35249754821422924
Gradient,Text,31.990523273400065,4.77871107831679,14.646211304492182,46.01199803605018,-0.2683572093175531
Gradient,Clinical,22.23612860442227,5.899170167259542,10.217439678946961,57.49097483713583,0.5640258908190412
Integrated Gradients,Imaging,0.04540795287128957,0.023361635022967658,0.01227899569754011,0.1494077047416838,-0.37975483714023506
Integrated Gradients,Text,47.18629110679232,18.088703458227545,11.363408062380008,92.66190662249525,-0.525237731134814
Integrated Gradients,Clinical,52.76830094033638,18.10444935842151,7.195324384538177,88.62431294192245,0.5252709468929414
