,imaging_contribution,text_contribution,clinical_contribution
Mean,40.395966,46.49877,13.105261
Std,10.204445,9.180662,2.5019574
Min,24.04026,21.065073,5.610489
Max,73.32444,64.95617,19.168026
